<?xml version="1.0" encoding="UTF-8"?>
<!DOCTYPE suite SYSTEM "http://testng.org/testng-1.0.dtd" >

<suite name="Test Suite: Way 2 Test Suite" >

	<test name="Way 2 Test Cases">
		<parameter name="browser" value="Chrome"></parameter>
		<classes>
			<class name="com.way2AutomationComponents.DatePicker"/>
		</classes>
	</test>
	
	<!-- <test name="CIL Test Cases2">
		<parameter name="browser" value="Firefox"></parameter>
		<classes>
			<class name="com.cil.ui.CILTestSuite2"/>
		</classes>
	</test> -->
</suite>
